transaction_id,date,amount_ngn,category,region,payment_method,customer_age_group,product_count
TXN-000001,2026-02-17,70228.25,Fashion,Oyo,ussd,35-44,4
TXN-000002,2025-02-19,145206.43,Home,Oyo,bank_transfer,55+,3
TXN-000003,2025-09-16,90322.81,Transport,Kano,card,18-24,1
TXN-000004,2025-08-23,108200.27,Transport,Oyo,card,45-54,4
TXN-000005,2025-05-16,82272.4,Utilities,Abuja,card,35-44,8
TXN-000006,2026-03-23,107350.14,Utilities,Lagos,card,35-44,4
TXN-000007,2025-08-19,67955.18,Health,Rivers,card,45-54,2
TXN-000008,2025-11-30,157625.93,Home,Kaduna,bank_transfer,25-34,11
TXN-000009,2025-09-20,71679.27,Utilities,Oyo,bank_transfer,18-24,8
TXN-000010,2025-07-31,127377.83,Transport,Oyo,card,25-34,5
TXN-000011,2025-01-03,152256.47,Transport,Rivers,card,55+,9
TXN-000012,2025-05-16,172602.0,Transport,Kaduna,ussd,25-34,3
TXN-000013,2026-01-03,107386.52,Utilities,Lagos,ussd,25-34,9
TXN-000014,2025-09-05,66703.59,Fashion,Rivers,ussd,45-54,9
TXN-000015,2026-02-26,38925.81,Transport,Lagos,cash,45-54,1
TXN-000016,2025-11-28,37552.63,Transport,Lagos,ussd,55+,12
TXN-000017,2025-04-25,122813.04,Fashion,Lagos,ussd,55+,10
TXN-000018,2025-08-30,102594.35,Electronics,Kano,cash,45-54,7
TXN-000019,2025-12-24,25063.24,Utilities,Lagos,card,45-54,4
TXN-000020,2026-02-13,110651.31,Home,Rivers,cash,45-54,10
TXN-000021,2025-07-11,21537.17,Utilities,Kaduna,cash,18-24,6
TXN-000022,2025-03-30,125805.03,Utilities,Oyo,mobile_money,45-54,12
TXN-000023,2025-06-29,49603.31,Education,Kaduna,card,25-34,1
TXN-000024,2025-10-15,64271.61,Transport,Lagos,card,18-24,2
TXN-000025,2025-08-10,75369.55,Electronics,Rivers,cash,35-44,4
TXN-000026,2025-03-15,153641.39,Utilities,Kaduna,mobile_money,55+,3
TXN-000027,2025-02-15,110251.89,Utilities,Rivers,mobile_money,45-54,4
TXN-000028,2025-11-13,128661.46,Education,Rivers,mobile_money,55+,7
TXN-000029,2025-08-22,42619.12,Health,Lagos,ussd,35-44,1
TXN-000030,2025-08-17,122037.89,Health,Abuja,bank_transfer,55+,2
TXN-000031,2025-03-23,170959.49,Transport,Kano,ussd,25-34,12
TXN-000032,2025-11-21,115372.37,Health,Rivers,card,18-24,12
TXN-000033,2025-03-13,151947.55,Education,Kano,cash,35-44,9
TXN-000034,2025-08-25,167080.86,Groceries,Rivers,cash,45-54,9
TXN-000035,2025-10-23,105258.0,Electronics,Rivers,card,18-24,8
TXN-000036,2025-12-01,89384.84,Home,Kano,cash,45-54,10
TXN-000037,2025-10-16,26167.84,Education,Kaduna,mobile_money,25-34,2
TXN-000038,2026-01-07,84283.91,Fashion,Oyo,bank_transfer,18-24,6
TXN-000039,2025-05-12,93000.4,Fashion,Kano,mobile_money,45-54,12
TXN-000040,2025-09-24,81137.7,Home,Oyo,bank_transfer,18-24,3
TXN-000041,2025-04-25,143563.55,Health,Kano,ussd,25-34,5
TXN-000042,2025-04-06,79829.7,Electronics,Kano,ussd,35-44,2
TXN-000043,2025-11-01,136924.6,Transport,Abuja,mobile_money,35-44,8
TXN-000044,2026-02-23,33276.69,Transport,Oyo,mobile_money,18-24,1
TXN-000045,2025-05-21,99962.18,Utilities,Lagos,card,25-34,10
TXN-000046,2025-12-19,164277.77,Groceries,Lagos,bank_transfer,45-54,8
TXN-000047,2025-10-21,127847.48,Utilities,Oyo,cash,45-54,3
TXN-000048,2025-05-30,142757.13,Health,Kano,card,55+,7
TXN-000049,2025-01-13,18502.73,Utilities,Rivers,bank_transfer,25-34,9
TXN-000050,2025-11-17,24607.38,Health,Kano,cash,55+,7
TXN-000051,2025-12-27,94987.07,Fashion,Oyo,card,45-54,4
TXN-000052,2025-03-16,140348.57,Home,Abuja,ussd,25-34,12
TXN-000053,2025-02-02,179509.79,Home,Oyo,card,45-54,5
TXN-000054,2025-01-30,18543.07,Electronics,Kano,bank_transfer,25-34,12
TXN-000055,2025-07-01,21091.82,Groceries,Oyo,mobile_money,35-44,6
TXN-000056,2025-02-25,101350.03,Electronics,Kaduna,ussd,18-24,12
TXN-000057,2025-05-28,144197.81,Utilities,Rivers,bank_transfer,25-34,2
TXN-000058,2025-03-07,15088.12,Electronics,Kaduna,mobile_money,55+,12
TXN-000059,2025-04-19,181098.33,Groceries,Lagos,bank_transfer,18-24,11
TXN-000060,2026-02-14,17293.72,Education,Kano,bank_transfer,45-54,12
TXN-000061,2025-03-15,55198.02,Education,Kaduna,cash,55+,7
TXN-000062,2025-03-01,120065.6,Groceries,Abuja,card,45-54,3
TXN-000063,2026-01-31,54970.39,Education,Abuja,bank_transfer,25-34,2
TXN-000064,2025-06-05,89916.79,Fashion,Abuja,bank_transfer,18-24,12
TXN-000065,2025-05-17,28205.51,Transport,Kano,bank_transfer,18-24,1
TXN-000066,2025-01-02,156391.05,Electronics,Abuja,bank_transfer,25-34,5
TXN-000067,2025-12-28,173810.47,Utilities,Oyo,card,55+,11
TXN-000068,2025-07-10,4990.8,Education,Rivers,bank_transfer,25-34,4
TXN-000069,2026-02-03,88795.3,Transport,Oyo,bank_transfer,45-54,5
TXN-000070,2025-01-10,124727.16,Education,Abuja,cash,55+,9
TXN-000071,2026-03-03,26047.49,Home,Kano,card,25-34,2
TXN-000072,2025-05-09,129468.35,Education,Kano,card,35-44,1
TXN-000073,2025-04-08,134118.29,Groceries,Kano,cash,55+,8
TXN-000074,2025-04-23,46865.96,Utilities,Kano,ussd,55+,5
TXN-000075,2025-02-28,118867.65,Fashion,Oyo,ussd,18-24,9
TXN-000076,2025-06-25,84586.19,Utilities,Kano,mobile_money,25-34,12
TXN-000077,2025-09-17,111362.88,Health,Lagos,card,35-44,7
TXN-000078,2025-06-30,135871.41,Groceries,Oyo,ussd,55+,6
TXN-000079,2025-08-22,121830.96,Utilities,Kaduna,cash,45-54,12
TXN-000080,2026-03-07,59081.98,Electronics,Lagos,ussd,35-44,11
TXN-000081,2025-02-25,143741.82,Electronics,Oyo,ussd,18-24,6
TXN-000082,2025-07-18,158513.58,Utilities,Lagos,bank_transfer,18-24,10
TXN-000083,2026-03-11,119287.37,Health,Kano,card,45-54,2
TXN-000084,2026-01-28,129523.31,Utilities,Oyo,mobile_money,25-34,9
TXN-000085,2025-09-03,107762.2,Health,Lagos,cash,25-34,7
TXN-000086,2025-11-11,84086.31,Health,Kaduna,bank_transfer,35-44,10
TXN-000087,2025-11-19,154001.89,Groceries,Abuja,ussd,18-24,5
TXN-000088,2025-03-22,129995.78,Health,Rivers,mobile_money,35-44,2
TXN-000089,2026-01-08,24882.48,Fashion,Kano,ussd,35-44,10
TXN-000090,2025-03-26,100875.75,Electronics,Lagos,cash,35-44,11
TXN-000091,2025-02-21,59438.07,Utilities,Kano,bank_transfer,35-44,4
TXN-000092,2026-03-02,151671.58,Electronics,Rivers,card,45-54,11
TXN-000093,2025-05-21,163892.0,Fashion,Rivers,mobile_money,45-54,10
TXN-000094,2025-08-18,51731.27,Groceries,Lagos,bank_transfer,55+,4
TXN-000095,2025-06-29,70334.6,Fashion,Abuja,ussd,45-54,3
TXN-000096,2025-05-11,15603.63,Fashion,Abuja,ussd,35-44,7
TXN-000097,2025-02-09,97253.99,Fashion,Lagos,mobile_money,55+,2
TXN-000098,2025-03-10,43923.98,Utilities,Rivers,mobile_money,25-34,7
TXN-000099,2025-12-31,84511.96,Groceries,Oyo,bank_transfer,18-24,4
TXN-000100,2025-11-11,109538.46,Education,Rivers,cash,35-44,9
TXN-000101,2025-10-24,130990.5,Transport,Oyo,ussd,25-34,5
TXN-000102,2025-09-12,136690.44,Utilities,Kano,cash,18-24,6
TXN-000103,2025-09-11,64504.54,Home,Rivers,ussd,35-44,6
TXN-000104,2025-06-20,6377.41,Transport,Oyo,cash,35-44,8
TXN-000105,2025-06-03,25043.87,Education,Kaduna,ussd,55+,7
TXN-000106,2025-07-28,57626.83,Utilities,Abuja,card,18-24,6
TXN-000107,2025-06-28,175550.63,Groceries,Lagos,ussd,18-24,6
TXN-000108,2025-09-24,151868.23,Fashion,Abuja,bank_transfer,45-54,3
TXN-000109,2025-04-11,132107.81,Fashion,Kano,card,18-24,4
TXN-000110,2025-04-28,183296.27,Health,Oyo,bank_transfer,55+,2
TXN-000111,2025-10-04,119179.52,Fashion,Kano,ussd,35-44,5
TXN-000112,2025-04-08,85909.49,Education,Kano,bank_transfer,18-24,7
TXN-000113,2025-04-05,118095.91,Groceries,Abuja,bank_transfer,45-54,4
TXN-000114,2025-05-24,92537.98,Groceries,Lagos,mobile_money,45-54,2
TXN-000115,2026-01-11,181205.72,Health,Kaduna,cash,55+,8
TXN-000116,2025-03-29,84705.25,Utilities,Rivers,mobile_money,18-24,2
TXN-000117,2025-07-20,179987.71,Fashion,Lagos,cash,25-34,1
TXN-000118,2025-10-17,109827.29,Health,Rivers,mobile_money,55+,7
TXN-000119,2025-06-03,44304.41,Groceries,Rivers,mobile_money,35-44,5
TXN-000120,2025-08-03,101931.37,Home,Lagos,mobile_money,55+,10
TXN-000121,2025-10-26,14169.17,Education,Abuja,card,35-44,10
TXN-000122,2025-01-09,169028.68,Groceries,Abuja,mobile_money,18-24,12
TXN-000123,2026-01-13,3761.23,Groceries,Oyo,ussd,45-54,2
TXN-000124,2025-03-16,39550.9,Education,Rivers,card,18-24,8
TXN-000125,2025-03-07,6782.19,Transport,Lagos,cash,55+,6
TXN-000126,2026-03-07,140009.63,Utilities,Lagos,mobile_money,55+,7
TXN-000127,2025-03-30,4384.7,Utilities,Kano,bank_transfer,25-34,11
TXN-000128,2025-04-22,79765.3,Groceries,Abuja,bank_transfer,18-24,8
TXN-000129,2025-02-16,69121.88,Health,Kaduna,bank_transfer,45-54,11
TXN-000130,2025-08-28,52810.36,Home,Lagos,cash,35-44,11
TXN-000131,2025-02-28,9575.82,Groceries,Oyo,bank_transfer,18-24,5
TXN-000132,2025-12-23,102255.23,Home,Oyo,cash,25-34,5
TXN-000133,2025-08-28,92544.65,Health,Lagos,cash,45-54,1
TXN-000134,2026-03-31,9880.69,Fashion,Lagos,mobile_money,45-54,9
TXN-000135,2025-12-20,135204.09,Transport,Abuja,cash,25-34,12
TXN-000136,2025-01-11,96947.23,Transport,Kano,mobile_money,25-34,12
TXN-000137,2025-12-04,118181.22,Home,Abuja,card,55+,4
TXN-000138,2026-02-23,138592.0,Utilities,Rivers,bank_transfer,25-34,2
TXN-000139,2025-08-07,166670.84,Utilities,Kaduna,bank_transfer,25-34,7
TXN-000140,2025-05-20,37415.51,Home,Abuja,cash,45-54,5
TXN-000141,2025-09-29,111792.12,Groceries,Kano,mobile_money,18-24,3
TXN-000142,2025-04-05,108257.63,Electronics,Rivers,card,25-34,8
TXN-000143,2025-08-21,51595.42,Electronics,Kaduna,bank_transfer,45-54,3
TXN-000144,2026-01-04,117440.25,Groceries,Kano,mobile_money,55+,2
TXN-000145,2025-07-13,182387.95,Fashion,Kano,card,45-54,12
TXN-000146,2025-10-23,111026.42,Health,Kano,bank_transfer,18-24,10
TXN-000147,2025-01-30,140338.86,Utilities,Lagos,ussd,45-54,5
TXN-000148,2025-03-03,25517.96,Fashion,Kaduna,cash,25-34,8
TXN-000149,2025-10-22,138077.05,Groceries,Oyo,card,35-44,8
TXN-000150,2025-01-21,16139.46,Education,Kaduna,ussd,45-54,4
TXN-000151,2025-05-20,127849.46,Groceries,Lagos,bank_transfer,35-44,3
TXN-000152,2025-06-23,169720.13,Education,Rivers,bank_transfer,25-34,9
TXN-000153,2025-10-13,29538.33,Transport,Kano,bank_transfer,35-44,9
TXN-000154,2025-08-15,134031.68,Fashion,Rivers,card,45-54,1
TXN-000155,2025-09-26,132809.87,Education,Abuja,cash,18-24,1
TXN-000156,2026-03-27,125156.83,Health,Kaduna,ussd,35-44,1
TXN-000157,2025-02-05,115509.54,Transport,Oyo,bank_transfer,18-24,6
TXN-000158,2025-09-23,39230.33,Health,Rivers,bank_transfer,55+,12
TXN-000159,2025-07-31,20747.96,Groceries,Rivers,mobile_money,25-34,5
TXN-000160,2025-10-12,171035.53,Education,Kaduna,mobile_money,55+,8
TXN-000161,2025-08-12,21037.89,Utilities,Kano,card,18-24,3
TXN-000162,2025-02-05,60923.41,Education,Abuja,cash,18-24,3
TXN-000163,2026-02-10,60674.17,Education,Oyo,mobile_money,35-44,10
TXN-000164,2025-03-06,97213.05,Education,Kaduna,mobile_money,25-34,1
TXN-000165,2025-06-17,72053.75,Health,Kano,ussd,35-44,11
TXN-000166,2025-05-27,19202.14,Utilities,Oyo,mobile_money,25-34,7
TXN-000167,2025-07-02,60020.87,Utilities,Kaduna,card,25-34,3
TXN-000168,2025-05-19,26420.85,Groceries,Kano,cash,35-44,2
TXN-000169,2025-06-25,136269.46,Fashion,Rivers,bank_transfer,25-34,1
TXN-000170,2025-11-26,62521.98,Utilities,Rivers,ussd,35-44,3
TXN-000171,2025-06-10,134716.13,Transport,Oyo,cash,18-24,6
TXN-000172,2025-10-31,20438.34,Electronics,Lagos,mobile_money,25-34,8
TXN-000173,2025-07-24,135141.27,Utilities,Lagos,bank_transfer,18-24,2
TXN-000174,2025-10-10,86870.52,Education,Lagos,mobile_money,55+,12
TXN-000175,2025-09-01,117369.24,Electronics,Kano,cash,25-34,9
TXN-000176,2025-11-27,103857.22,Electronics,Abuja,ussd,18-24,8
TXN-000177,2025-09-24,85537.67,Transport,Abuja,mobile_money,55+,7
TXN-000178,2025-10-19,70580.07,Transport,Rivers,bank_transfer,35-44,6
TXN-000179,2025-03-31,31555.99,Health,Kaduna,card,18-24,6
TXN-000180,2025-09-05,116937.33,Fashion,Oyo,card,25-34,10
TXN-000181,2026-01-26,166968.8,Health,Rivers,ussd,18-24,6
TXN-000182,2025-05-20,132512.69,Electronics,Oyo,mobile_money,35-44,6
TXN-000183,2025-09-23,150643.55,Utilities,Kano,ussd,35-44,5
TXN-000184,2026-03-22,68609.85,Fashion,Oyo,cash,45-54,3
TXN-000185,2025-08-31,24751.75,Fashion,Kaduna,ussd,55+,12
TXN-000186,2025-02-24,156058.74,Transport,Oyo,mobile_money,35-44,6
TXN-000187,2025-06-26,110541.81,Home,Rivers,ussd,35-44,4
TXN-000188,2025-07-17,73543.79,Education,Kaduna,card,18-24,5
TXN-000189,2025-04-08,99432.9,Fashion,Oyo,mobile_money,55+,1
TXN-000190,2025-01-21,170226.74,Utilities,Lagos,mobile_money,18-24,10
TXN-000191,2025-08-15,7065.94,Electronics,Kaduna,bank_transfer,18-24,9
TXN-000192,2025-12-26,72303.46,Fashion,Kaduna,bank_transfer,18-24,2
TXN-000193,2026-02-22,68801.62,Education,Lagos,ussd,45-54,11
TXN-000194,2025-05-15,120189.57,Health,Abuja,mobile_money,35-44,1
TXN-000195,2026-01-24,140452.96,Electronics,Kano,ussd,25-34,8
TXN-000196,2025-02-13,174944.51,Transport,Rivers,bank_transfer,55+,1
TXN-000197,2025-03-04,132444.78,Home,Abuja,card,45-54,11
TXN-000198,2026-02-02,142826.2,Education,Lagos,mobile_money,45-54,6
TXN-000199,2025-04-19,93139.76,Transport,Oyo,card,55+,2
TXN-000200,2026-03-27,101288.17,Education,Kaduna,card,45-54,5
TXN-000201,2025-11-28,51105.09,Fashion,Rivers,mobile_money,18-24,4
TXN-000202,2025-10-23,26353.83,Health,Kaduna,mobile_money,45-54,8
TXN-000203,2025-01-05,114162.68,Groceries,Rivers,ussd,55+,9
TXN-000204,2025-01-03,79870.42,Education,Abuja,mobile_money,35-44,1
TXN-000205,2026-03-30,111447.32,Groceries,Kaduna,ussd,45-54,7
TXN-000206,2025-02-22,152886.45,Utilities,Abuja,cash,45-54,7
TXN-000207,2026-01-22,171045.55,Education,Rivers,card,45-54,8
TXN-000208,2025-02-22,115341.01,Transport,Lagos,card,35-44,6
TXN-000209,2025-01-15,132915.78,Utilities,Kaduna,ussd,25-34,7
TXN-000210,2025-04-27,32651.24,Electronics,Abuja,card,55+,10
TXN-000211,2025-04-21,71245.12,Utilities,Abuja,mobile_money,45-54,8
TXN-000212,2026-02-27,24561.88,Home,Kano,mobile_money,18-24,10
TXN-000213,2026-03-16,98187.49,Transport,Kano,bank_transfer,55+,10
TXN-000214,2025-05-28,83588.53,Groceries,Kaduna,ussd,45-54,11
TXN-000215,2026-01-29,144498.65,Utilities,Lagos,bank_transfer,55+,3
TXN-000216,2025-05-17,133492.52,Education,Rivers,cash,35-44,5
TXN-000217,2025-10-25,85556.69,Utilities,Oyo,mobile_money,35-44,6
TXN-000218,2026-03-20,104637.3,Utilities,Oyo,bank_transfer,55+,11
TXN-000219,2025-12-28,68937.33,Groceries,Kano,cash,35-44,6
TXN-000220,2025-02-07,116815.19,Groceries,Rivers,ussd,25-34,1
TXN-000221,2025-09-07,140123.05,Transport,Kaduna,card,18-24,7
TXN-000222,2025-05-08,55142.15,Home,Rivers,ussd,35-44,2
TXN-000223,2025-04-26,148587.9,Electronics,Lagos,bank_transfer,25-34,7
TXN-000224,2025-06-02,118538.8,Health,Rivers,mobile_money,55+,12
TXN-000225,2025-08-14,75032.91,Health,Rivers,cash,45-54,7
TXN-000226,2026-01-24,81416.32,Fashion,Abuja,bank_transfer,55+,4
TXN-000227,2025-02-09,109696.98,Home,Lagos,ussd,35-44,9
TXN-000228,2026-03-25,65006.77,Groceries,Oyo,cash,55+,3
TXN-000229,2025-12-01,174033.48,Transport,Rivers,bank_transfer,25-34,10
TXN-000230,2025-10-11,22746.02,Groceries,Kaduna,cash,25-34,7
TXN-000231,2025-04-01,97874.57,Electronics,Kano,ussd,55+,3
TXN-000232,2025-10-19,109023.63,Utilities,Oyo,ussd,55+,10
TXN-000233,2026-04-01,62777.01,Utilities,Kano,cash,45-54,1
TXN-000234,2026-03-24,86562.43,Utilities,Abuja,card,45-54,11
TXN-000235,2026-02-25,120263.5,Health,Kano,mobile_money,25-34,5
TXN-000236,2025-12-08,127798.34,Fashion,Lagos,bank_transfer,25-34,1
TXN-000237,2025-07-15,18940.45,Groceries,Oyo,ussd,18-24,6
TXN-000238,2025-03-31,105031.11,Transport,Rivers,card,45-54,3
TXN-000239,2026-01-24,179056.77,Education,Kano,bank_transfer,45-54,1
TXN-000240,2025-06-12,13212.95,Utilities,Lagos,cash,25-34,3
TXN-000241,2025-11-04,99928.11,Health,Rivers,mobile_money,25-34,9
TXN-000242,2026-02-08,89990.89,Health,Oyo,mobile_money,18-24,1
TXN-000243,2025-12-13,91389.25,Utilities,Abuja,cash,18-24,5
TXN-000244,2025-08-10,3773.69,Education,Rivers,cash,25-34,4
TXN-000245,2025-03-01,183498.51,Home,Kano,card,18-24,6
TXN-000246,2025-03-15,99850.18,Fashion,Kano,card,35-44,6
TXN-000247,2025-07-20,143759.8,Home,Oyo,ussd,45-54,4
TXN-000248,2025-05-16,38730.46,Utilities,Oyo,mobile_money,35-44,12
TXN-000249,2025-06-16,2081.06,Fashion,Lagos,bank_transfer,55+,8
TXN-000250,2025-11-27,51275.24,Utilities,Rivers,mobile_money,45-54,3
TXN-000251,2025-11-17,51462.18,Electronics,Oyo,bank_transfer,55+,9
TXN-000252,2025-08-08,60761.64,Fashion,Oyo,cash,55+,11
TXN-000253,2025-05-25,115322.37,Home,Oyo,cash,45-54,7
TXN-000254,2025-12-23,139655.96,Utilities,Rivers,mobile_money,18-24,2
TXN-000255,2026-01-05,53686.56,Education,Kano,mobile_money,55+,12
TXN-000256,2025-03-01,6210.52,Electronics,Kano,ussd,45-54,5
TXN-000257,2025-04-30,179235.47,Health,Kano,cash,55+,8
TXN-000258,2025-04-09,113423.55,Utilities,Kaduna,cash,25-34,10
TXN-000259,2026-01-15,95645.3,Health,Rivers,card,25-34,6
TXN-000260,2026-03-07,96814.48,Groceries,Abuja,cash,18-24,5
TXN-000261,2025-11-05,15488.71,Groceries,Rivers,bank_transfer,45-54,12
TXN-000262,2025-10-10,166794.65,Transport,Abuja,card,55+,4
TXN-000263,2026-03-29,79238.74,Fashion,Oyo,mobile_money,18-24,6
TXN-000264,2026-03-22,76020.64,Education,Oyo,mobile_money,55+,6
TXN-000265,2026-02-10,24261.2,Education,Rivers,mobile_money,55+,8
TXN-000266,2025-11-10,59370.83,Home,Abuja,cash,55+,4
TXN-000267,2025-07-24,103311.84,Home,Kaduna,cash,35-44,6
TXN-000268,2025-04-02,170666.73,Fashion,Abuja,ussd,45-54,12
TXN-000269,2025-01-25,68442.35,Transport,Kaduna,mobile_money,55+,8
TXN-000270,2025-12-04,58713.23,Health,Kano,mobile_money,18-24,6
TXN-000271,2025-06-25,73158.83,Home,Rivers,cash,45-54,3
TXN-000272,2025-01-15,110630.01,Utilities,Kaduna,ussd,18-24,11
TXN-000273,2026-02-08,140553.35,Fashion,Oyo,mobile_money,35-44,7
TXN-000274,2025-07-01,15406.62,Education,Lagos,mobile_money,18-24,6
TXN-000275,2025-02-13,159177.82,Health,Abuja,card,45-54,6
TXN-000276,2025-08-31,145302.84,Utilities,Kano,cash,45-54,4
TXN-000277,2026-02-23,110222.22,Transport,Abuja,cash,25-34,3
TXN-000278,2025-10-30,131669.06,Utilities,Kano,mobile_money,35-44,2
TXN-000279,2025-12-25,134644.97,Electronics,Oyo,mobile_money,25-34,1
TXN-000280,2025-03-15,144619.19,Transport,Abuja,mobile_money,25-34,5
TXN-000281,2025-07-12,134329.78,Transport,Kaduna,cash,35-44,5
TXN-000282,2025-07-29,139716.67,Utilities,Rivers,ussd,55+,12
TXN-000283,2025-10-12,89724.11,Home,Oyo,card,18-24,8
TXN-000284,2025-11-21,178327.87,Groceries,Oyo,bank_transfer,55+,1
TXN-000285,2025-02-18,67603.94,Utilities,Abuja,card,18-24,6
TXN-000286,2026-03-19,183160.01,Groceries,Oyo,mobile_money,18-24,7
TXN-000287,2025-06-05,31282.13,Fashion,Lagos,bank_transfer,55+,8
TXN-000288,2026-01-25,169896.66,Health,Kaduna,bank_transfer,55+,2
TXN-000289,2025-07-24,48904.89,Utilities,Rivers,ussd,18-24,6
TXN-000290,2025-05-28,112523.48,Education,Rivers,card,25-34,7
TXN-000291,2025-09-14,158569.17,Education,Abuja,bank_transfer,18-24,2
TXN-000292,2026-02-17,73016.46,Groceries,Kaduna,mobile_money,35-44,7
TXN-000293,2026-02-01,85251.28,Home,Lagos,ussd,18-24,4
TXN-000294,2026-01-27,35934.97,Utilities,Oyo,ussd,25-34,5
TXN-000295,2025-09-15,116512.78,Groceries,Abuja,cash,45-54,11
TXN-000296,2025-11-14,91335.16,Education,Oyo,bank_transfer,55+,12
TXN-000297,2025-09-07,108572.12,Education,Oyo,bank_transfer,18-24,4
TXN-000298,2025-11-28,132939.23,Electronics,Oyo,mobile_money,55+,4
TXN-000299,2025-11-25,172652.43,Utilities,Lagos,mobile_money,45-54,11
TXN-000300,2025-09-01,135208.41,Electronics,Lagos,bank_transfer,55+,1
TXN-000301,2025-02-27,110849.02,Electronics,Abuja,card,55+,4
TXN-000302,2025-06-24,156960.5,Home,Kaduna,bank_transfer,35-44,2
TXN-000303,2025-08-22,177045.29,Education,Kaduna,card,25-34,4
TXN-000304,2025-08-03,66247.13,Utilities,Oyo,card,55+,10
TXN-000305,2025-09-27,143237.29,Education,Oyo,ussd,18-24,3
TXN-000306,2025-12-13,143402.73,Transport,Kano,mobile_money,18-24,8
TXN-000307,2025-05-08,87918.8,Transport,Oyo,card,55+,11
TXN-000308,2025-04-03,9288.9,Fashion,Oyo,cash,25-34,4
TXN-000309,2026-01-14,89397.29,Education,Kano,card,18-24,2
TXN-000310,2025-05-11,184601.5,Education,Oyo,bank_transfer,25-34,2
TXN-000311,2025-08-04,57352.19,Home,Kaduna,bank_transfer,25-34,9
TXN-000312,2025-11-27,99624.54,Utilities,Kaduna,cash,18-24,3
TXN-000313,2025-08-07,184616.47,Groceries,Kaduna,cash,55+,2
TXN-000314,2025-03-10,69611.58,Home,Kano,cash,45-54,6
TXN-000315,2025-06-12,170903.03,Electronics,Kaduna,bank_transfer,55+,10
TXN-000316,2025-03-10,129092.98,Home,Lagos,bank_transfer,45-54,8
TXN-000317,2025-07-18,48901.11,Transport,Lagos,bank_transfer,25-34,4
TXN-000318,2025-12-21,106847.12,Health,Kaduna,cash,25-34,4
TXN-000319,2025-06-07,103279.45,Utilities,Oyo,bank_transfer,35-44,6
TXN-000320,2026-02-25,29768.26,Utilities,Lagos,ussd,18-24,10
TXN-000321,2025-08-03,8509.51,Transport,Rivers,mobile_money,55+,2
TXN-000322,2025-03-25,2455.56,Groceries,Kano,bank_transfer,18-24,9
TXN-000323,2025-03-22,16632.06,Utilities,Abuja,ussd,25-34,4
TXN-000324,2025-04-21,20620.36,Transport,Abuja,bank_transfer,35-44,8
TXN-000325,2026-03-11,18841.37,Education,Abuja,card,55+,1
TXN-000326,2026-03-21,60067.22,Utilities,Rivers,ussd,55+,4
TXN-000327,2025-09-02,87147.85,Groceries,Rivers,card,35-44,6
TXN-000328,2025-11-12,13062.0,Utilities,Abuja,ussd,18-24,1
TXN-000329,2026-01-17,33327.2,Education,Kaduna,mobile_money,25-34,10
TXN-000330,2025-12-02,12850.36,Transport,Lagos,card,18-24,7
TXN-000331,2025-06-26,91062.25,Fashion,Abuja,card,45-54,6
TXN-000332,2025-05-31,45202.92,Transport,Abuja,mobile_money,18-24,9
TXN-000333,2025-11-25,149387.97,Electronics,Rivers,bank_transfer,55+,6
TXN-000334,2025-11-27,31143.79,Health,Kaduna,card,45-54,7
TXN-000335,2026-03-11,22815.73,Groceries,Kaduna,card,45-54,6
TXN-000336,2026-01-13,79300.28,Transport,Lagos,mobile_money,55+,5
TXN-000337,2025-10-06,77024.24,Utilities,Abuja,mobile_money,25-34,1
TXN-000338,2026-02-18,131920.35,Home,Kaduna,card,45-54,11
TXN-000339,2025-04-28,10033.05,Electronics,Rivers,card,55+,4
TXN-000340,2026-02-25,22533.85,Groceries,Oyo,cash,55+,10
TXN-000341,2025-08-02,47863.54,Fashion,Kaduna,bank_transfer,35-44,10
TXN-000342,2026-02-03,160672.6,Health,Oyo,ussd,18-24,4
TXN-000343,2026-02-02,152130.62,Fashion,Abuja,cash,18-24,7
TXN-000344,2025-07-31,176236.14,Electronics,Kano,card,18-24,7
TXN-000345,2025-03-17,28986.27,Home,Rivers,ussd,18-24,4
TXN-000346,2026-01-17,161093.84,Fashion,Lagos,cash,18-24,4
TXN-000347,2026-02-24,38588.25,Fashion,Oyo,ussd,35-44,3
TXN-000348,2025-10-22,80451.15,Health,Kano,ussd,35-44,3
TXN-000349,2026-02-26,38790.36,Groceries,Lagos,ussd,45-54,9
TXN-000350,2025-02-13,98136.85,Electronics,Rivers,mobile_money,45-54,10
TXN-000351,2026-01-30,14408.07,Home,Kano,mobile_money,55+,6
TXN-000352,2025-03-23,93357.69,Utilities,Abuja,ussd,55+,1
TXN-000353,2025-04-22,129840.24,Transport,Rivers,card,25-34,7
TXN-000354,2025-06-21,46235.16,Utilities,Kaduna,cash,25-34,4
TXN-000355,2025-03-02,12116.58,Groceries,Abuja,cash,18-24,1
TXN-000356,2026-01-16,72157.65,Home,Oyo,bank_transfer,25-34,11
TXN-000357,2025-10-24,142324.31,Home,Rivers,bank_transfer,18-24,2
TXN-000358,2025-05-29,129995.67,Electronics,Oyo,ussd,18-24,3
TXN-000359,2025-11-22,38982.06,Home,Abuja,bank_transfer,25-34,6
TXN-000360,2025-05-18,72338.68,Fashion,Rivers,card,35-44,3
TXN-000361,2025-11-13,169114.04,Transport,Kaduna,card,35-44,9
TXN-000362,2026-02-02,84613.29,Groceries,Kano,mobile_money,18-24,5
TXN-000363,2025-02-14,3377.05,Transport,Lagos,mobile_money,45-54,1
TXN-000364,2025-01-11,159851.88,Health,Kaduna,ussd,35-44,7
TXN-000365,2025-06-13,78804.74,Groceries,Abuja,bank_transfer,18-24,8
TXN-000366,2026-03-06,180201.46,Utilities,Lagos,bank_transfer,35-44,12
TXN-000367,2025-12-15,6640.43,Fashion,Kano,mobile_money,25-34,4
TXN-000368,2025-10-03,152313.32,Fashion,Lagos,ussd,35-44,4
TXN-000369,2025-07-30,100679.6,Health,Oyo,card,55+,2
TXN-000370,2025-09-29,83202.96,Groceries,Oyo,mobile_money,25-34,8
TXN-000371,2025-03-07,62426.14,Fashion,Lagos,ussd,18-24,1
TXN-000372,2025-11-19,161941.04,Electronics,Lagos,card,35-44,8
TXN-000373,2025-03-30,113180.59,Groceries,Rivers,ussd,18-24,12
TXN-000374,2026-02-02,6486.72,Home,Rivers,mobile_money,18-24,5
TXN-000375,2026-03-04,52807.77,Home,Rivers,card,18-24,2
TXN-000376,2025-01-26,155468.69,Utilities,Abuja,ussd,25-34,5
TXN-000377,2025-08-12,48274.61,Groceries,Abuja,bank_transfer,25-34,1
TXN-000378,2025-10-03,122990.28,Electronics,Rivers,mobile_money,35-44,6
TXN-000379,2025-09-03,162092.47,Transport,Oyo,card,18-24,4
TXN-000380,2025-02-21,54505.38,Utilities,Lagos,mobile_money,18-24,10
TXN-000381,2025-04-11,176239.21,Health,Lagos,cash,55+,7
TXN-000382,2025-06-03,72348.08,Fashion,Kano,ussd,25-34,8
TXN-000383,2025-06-03,142178.89,Transport,Lagos,ussd,45-54,11
TXN-000384,2025-12-02,7379.14,Health,Abuja,ussd,45-54,1
TXN-000385,2025-04-05,71510.54,Utilities,Kaduna,mobile_money,45-54,3
TXN-000386,2025-08-11,1646.46,Home,Lagos,bank_transfer,55+,2
TXN-000387,2025-03-02,77399.12,Transport,Oyo,card,25-34,12
TXN-000388,2025-07-15,176349.98,Home,Kano,bank_transfer,35-44,9
TXN-000389,2026-03-01,154331.7,Education,Lagos,mobile_money,35-44,3
TXN-000390,2025-03-24,115038.88,Utilities,Kano,mobile_money,18-24,10
TXN-000391,2025-05-01,161336.08,Health,Oyo,card,55+,6
TXN-000392,2025-11-12,168412.22,Groceries,Abuja,cash,18-24,1
TXN-000393,2026-02-09,68778.49,Utilities,Oyo,cash,35-44,10
TXN-000394,2025-12-15,62459.21,Electronics,Kaduna,card,35-44,6
TXN-000395,2026-03-29,23341.75,Fashion,Kano,mobile_money,35-44,11
TXN-000396,2025-06-04,180328.01,Utilities,Kano,ussd,25-34,9
TXN-000397,2025-06-10,143046.65,Transport,Oyo,ussd,25-34,2
TXN-000398,2026-03-18,14855.95,Electronics,Kaduna,mobile_money,35-44,1
TXN-000399,2025-06-12,183555.67,Groceries,Kano,mobile_money,25-34,1
TXN-000400,2025-08-30,101681.71,Electronics,Kaduna,mobile_money,45-54,4
TXN-000401,2025-02-28,49136.14,Health,Oyo,mobile_money,35-44,9
TXN-000402,2026-02-14,26132.7,Groceries,Kano,bank_transfer,45-54,7
TXN-000403,2025-03-11,65747.46,Fashion,Abuja,ussd,18-24,2
TXN-000404,2026-02-23,104631.56,Fashion,Abuja,bank_transfer,45-54,2
TXN-000405,2025-11-17,88427.67,Groceries,Oyo,ussd,45-54,4
TXN-000406,2025-04-28,90601.76,Transport,Kaduna,bank_transfer,18-24,5
TXN-000407,2025-05-26,37790.55,Education,Rivers,card,45-54,4
TXN-000408,2025-07-16,44073.94,Transport,Rivers,bank_transfer,35-44,11
TXN-000409,2025-02-26,157641.5,Education,Abuja,bank_transfer,55+,9
TXN-000410,2025-10-01,112300.91,Health,Abuja,cash,18-24,4
TXN-000411,2025-12-27,70299.08,Utilities,Kano,bank_transfer,35-44,4
TXN-000412,2025-08-07,145378.65,Transport,Rivers,mobile_money,45-54,12
TXN-000413,2025-09-14,120827.4,Electronics,Oyo,ussd,25-34,3
TXN-000414,2025-11-17,80582.21,Fashion,Lagos,mobile_money,35-44,6
TXN-000415,2026-01-22,106024.05,Home,Rivers,mobile_money,35-44,12
TXN-000416,2025-07-15,57379.92,Transport,Rivers,mobile_money,35-44,9
TXN-000417,2026-01-09,4703.69,Groceries,Lagos,card,55+,11
TXN-000418,2025-07-30,118982.48,Fashion,Lagos,mobile_money,45-54,9
TXN-000419,2025-07-07,21440.97,Home,Kaduna,mobile_money,35-44,12
TXN-000420,2026-02-26,102016.38,Education,Rivers,card,25-34,9
TXN-000421,2025-01-20,40964.06,Groceries,Lagos,card,35-44,8
TXN-000422,2025-08-17,60444.11,Groceries,Kaduna,mobile_money,18-24,1
TXN-000423,2025-12-23,158384.47,Home,Rivers,mobile_money,35-44,9
TXN-000424,2025-10-18,99225.09,Groceries,Lagos,card,35-44,4
TXN-000425,2025-01-08,45750.23,Education,Oyo,card,45-54,1
TXN-000426,2026-01-09,25031.15,Groceries,Oyo,card,55+,12
TXN-000427,2026-01-17,118492.29,Education,Oyo,ussd,45-54,1
TXN-000428,2025-03-10,152896.06,Transport,Kano,ussd,25-34,2
TXN-000429,2025-03-18,34953.87,Home,Rivers,cash,25-34,1
TXN-000430,2025-04-01,171499.75,Utilities,Oyo,ussd,18-24,5
TXN-000431,2025-11-16,46967.22,Health,Abuja,mobile_money,55+,4
TXN-000432,2025-11-21,91081.43,Fashion,Kaduna,bank_transfer,45-54,3
TXN-000433,2025-07-05,6142.85,Electronics,Rivers,mobile_money,35-44,11
TXN-000434,2025-04-25,111380.71,Health,Kano,ussd,35-44,7
TXN-000435,2025-07-03,29668.2,Electronics,Kano,ussd,18-24,2
TXN-000436,2025-08-02,90256.31,Electronics,Rivers,cash,35-44,1
TXN-000437,2026-03-30,149551.23,Health,Lagos,bank_transfer,35-44,3
TXN-000438,2025-04-27,101784.76,Education,Kaduna,ussd,45-54,9
TXN-000439,2025-12-28,60881.99,Home,Rivers,card,25-34,8
TXN-000440,2026-01-16,24282.97,Home,Lagos,cash,25-34,2
TXN-000441,2025-01-07,172596.34,Transport,Kaduna,cash,45-54,12
TXN-000442,2025-08-30,31888.09,Electronics,Abuja,card,18-24,9
TXN-000443,2025-06-14,113741.99,Electronics,Kaduna,ussd,45-54,3
TXN-000444,2025-03-08,84533.3,Home,Abuja,bank_transfer,45-54,7
TXN-000445,2025-03-22,116613.93,Health,Abuja,ussd,35-44,12
TXN-000446,2025-05-05,3738.39,Transport,Rivers,mobile_money,18-24,2
TXN-000447,2025-05-12,5755.11,Education,Rivers,ussd,55+,7
TXN-000448,2025-12-22,82788.97,Electronics,Lagos,ussd,18-24,7
TXN-000449,2025-06-25,49782.51,Transport,Abuja,cash,18-24,3
TXN-000450,2025-01-31,120588.57,Electronics,Abuja,card,35-44,5
TXN-000451,2026-02-20,39693.67,Health,Rivers,bank_transfer,35-44,4
TXN-000452,2025-10-04,83427.98,Home,Oyo,mobile_money,45-54,2
TXN-000453,2025-07-13,24624.57,Electronics,Oyo,cash,18-24,11
TXN-000454,2025-11-28,169497.24,Utilities,Rivers,cash,18-24,10
TXN-000455,2025-08-01,38244.6,Health,Rivers,card,45-54,3
TXN-000456,2026-02-06,155049.49,Electronics,Lagos,ussd,25-34,10
TXN-000457,2025-03-02,6543.16,Groceries,Abuja,ussd,35-44,12
TXN-000458,2026-03-28,5069.47,Home,Oyo,bank_transfer,35-44,9
TXN-000459,2025-07-30,77676.34,Health,Abuja,bank_transfer,18-24,5
TXN-000460,2025-01-17,106377.86,Electronics,Kaduna,mobile_money,35-44,10
TXN-000461,2026-01-02,170737.42,Transport,Rivers,card,18-24,3
TXN-000462,2026-01-11,23409.26,Education,Lagos,mobile_money,45-54,8
TXN-000463,2026-03-17,176137.37,Home,Rivers,mobile_money,25-34,3
TXN-000464,2025-07-22,155529.12,Home,Lagos,card,35-44,6
TXN-000465,2025-08-22,114658.24,Fashion,Lagos,ussd,35-44,5
TXN-000466,2025-02-27,12532.45,Transport,Oyo,ussd,55+,1
TXN-000467,2025-02-11,118897.56,Education,Oyo,ussd,45-54,10
TXN-000468,2025-12-01,44566.88,Electronics,Oyo,cash,45-54,2
TXN-000469,2025-09-02,38541.7,Home,Lagos,ussd,45-54,9
TXN-000470,2026-03-27,92523.43,Home,Oyo,card,45-54,6
TXN-000471,2025-10-02,150526.84,Electronics,Kaduna,ussd,25-34,10
TXN-000472,2025-03-18,16264.12,Health,Kaduna,cash,25-34,8
TXN-000473,2025-07-12,139227.63,Health,Lagos,ussd,55+,10
TXN-000474,2025-12-30,135040.36,Utilities,Oyo,bank_transfer,35-44,9
TXN-000475,2025-03-04,183086.92,Education,Kano,cash,55+,8
TXN-000476,2026-02-22,84842.81,Fashion,Oyo,ussd,25-34,12
TXN-000477,2025-08-29,65543.02,Transport,Abuja,cash,55+,5
TXN-000478,2026-01-26,67904.47,Groceries,Oyo,card,45-54,10
TXN-000479,2026-03-03,27710.4,Transport,Abuja,card,25-34,3
TXN-000480,2025-12-26,90826.5,Utilities,Kano,ussd,25-34,3
TXN-000481,2026-03-19,127665.26,Education,Rivers,mobile_money,18-24,12
TXN-000482,2025-08-11,31247.6,Health,Abuja,bank_transfer,55+,9
TXN-000483,2025-06-16,119460.83,Health,Abuja,cash,25-34,7
TXN-000484,2026-01-08,138525.09,Education,Oyo,cash,18-24,9
TXN-000485,2025-04-01,18701.36,Home,Rivers,mobile_money,45-54,8
TXN-000486,2025-11-11,84847.91,Electronics,Kaduna,bank_transfer,35-44,9
TXN-000487,2025-01-06,153317.43,Home,Rivers,ussd,35-44,12
TXN-000488,2025-04-08,105144.19,Electronics,Oyo,ussd,35-44,3
TXN-000489,2025-01-19,10475.86,Utilities,Lagos,mobile_money,25-34,10
TXN-000490,2025-03-18,104295.63,Fashion,Oyo,mobile_money,35-44,1
TXN-000491,2026-03-05,23617.86,Education,Oyo,ussd,25-34,10
TXN-000492,2025-10-25,16621.57,Education,Abuja,ussd,25-34,3
TXN-000493,2025-06-16,38929.54,Electronics,Kaduna,bank_transfer,55+,6
TXN-000494,2025-08-30,139267.1,Education,Kaduna,bank_transfer,18-24,5
TXN-000495,2026-01-24,121919.92,Home,Abuja,ussd,55+,11
TXN-000496,2026-01-19,32738.12,Electronics,Rivers,card,45-54,10
TXN-000497,2025-07-25,179716.31,Home,Kaduna,mobile_money,25-34,1
TXN-000498,2025-12-25,118206.51,Electronics,Rivers,mobile_money,45-54,2
TXN-000499,2025-11-20,44255.86,Groceries,Rivers,card,18-24,12
TXN-000500,2025-11-23,105482.81,Fashion,Oyo,card,55+,8
TXN-000501,2025-06-18,40222.66,Home,Lagos,cash,55+,10
TXN-000502,2025-06-07,88553.2,Education,Oyo,card,35-44,11
TXN-000503,2025-05-12,103225.01,Utilities,Kano,bank_transfer,55+,8
TXN-000504,2026-01-29,74628.65,Home,Kano,mobile_money,45-54,10
TXN-000505,2025-08-18,92458.98,Health,Kaduna,ussd,35-44,8
TXN-000506,2025-07-24,98581.29,Utilities,Kano,mobile_money,25-34,8
TXN-000507,2025-07-06,171531.09,Transport,Kano,card,25-34,9
TXN-000508,2025-09-22,32296.27,Health,Rivers,card,45-54,8
TXN-000509,2025-04-27,41914.49,Health,Lagos,cash,55+,3
TXN-000510,2025-10-18,72866.86,Health,Kaduna,mobile_money,35-44,11
TXN-000511,2025-03-27,72399.45,Home,Kano,cash,55+,1
TXN-000512,2026-03-14,137045.77,Groceries,Kano,bank_transfer,45-54,5
TXN-000513,2025-09-05,13162.45,Education,Abuja,mobile_money,18-24,4
TXN-000514,2025-07-06,91145.11,Utilities,Oyo,card,35-44,6
TXN-000515,2026-03-03,113049.47,Health,Kaduna,mobile_money,35-44,1
TXN-000516,2025-03-14,12230.7,Fashion,Kaduna,card,18-24,1
TXN-000517,2025-12-04,137988.31,Transport,Abuja,cash,35-44,4
TXN-000518,2025-03-25,54056.44,Groceries,Kano,bank_transfer,18-24,3
TXN-000519,2025-05-17,164055.36,Education,Kano,bank_transfer,55+,7
TXN-000520,2025-12-09,182267.98,Groceries,Kano,bank_transfer,25-34,1
TXN-000521,2026-03-05,140133.67,Home,Kaduna,ussd,18-24,9
TXN-000522,2025-09-13,17392.04,Health,Kano,cash,35-44,2
TXN-000523,2025-06-10,121403.19,Education,Kano,ussd,45-54,9
TXN-000524,2025-10-24,34060.58,Education,Kaduna,bank_transfer,55+,9
TXN-000525,2025-12-02,153245.41,Utilities,Lagos,mobile_money,55+,6
TXN-000526,2025-09-27,67665.46,Utilities,Kaduna,ussd,25-34,6
TXN-000527,2025-09-13,183312.18,Home,Abuja,bank_transfer,18-24,3
TXN-000528,2026-02-20,135928.17,Health,Kano,cash,45-54,12
TXN-000529,2025-10-14,91263.1,Education,Kaduna,cash,35-44,10
TXN-000530,2025-08-23,10681.07,Utilities,Oyo,cash,18-24,9
TXN-000531,2025-08-07,151906.06,Groceries,Kaduna,ussd,35-44,11
TXN-000532,2025-01-21,99561.31,Health,Abuja,bank_transfer,45-54,12
TXN-000533,2026-01-27,22479.57,Utilities,Lagos,bank_transfer,55+,11
TXN-000534,2025-07-25,72665.93,Education,Rivers,ussd,35-44,3
TXN-000535,2025-05-10,23870.09,Groceries,Abuja,cash,25-34,11
TXN-000536,2025-06-13,179202.38,Fashion,Oyo,cash,55+,4
TXN-000537,2025-06-13,51247.65,Groceries,Kano,bank_transfer,18-24,10
TXN-000538,2026-01-14,62786.04,Electronics,Oyo,mobile_money,55+,9
TXN-000539,2025-09-03,126128.77,Education,Kaduna,ussd,45-54,5
TXN-000540,2026-02-09,98930.24,Education,Abuja,cash,45-54,12
TXN-000541,2025-11-20,184074.23,Utilities,Oyo,card,45-54,1
TXN-000542,2026-02-18,46378.56,Transport,Kano,cash,45-54,9
TXN-000543,2025-03-31,130217.3,Electronics,Kano,card,45-54,8
TXN-000544,2025-02-28,145654.25,Electronics,Rivers,mobile_money,18-24,5
TXN-000545,2025-05-15,144644.18,Education,Kaduna,mobile_money,45-54,12
TXN-000546,2026-03-18,57688.18,Education,Lagos,mobile_money,25-34,4
TXN-000547,2025-12-18,141817.72,Electronics,Kano,mobile_money,35-44,8
TXN-000548,2026-01-02,97017.51,Fashion,Lagos,mobile_money,18-24,5
TXN-000549,2025-02-16,75165.49,Utilities,Kano,cash,18-24,6
TXN-000550,2026-03-12,143843.34,Health,Kano,card,25-34,4
TXN-000551,2025-06-14,162991.33,Fashion,Abuja,mobile_money,18-24,1
TXN-000552,2025-06-09,79826.34,Health,Lagos,cash,35-44,1
TXN-000553,2025-02-11,114708.33,Home,Rivers,bank_transfer,55+,12
TXN-000554,2025-04-28,174179.69,Transport,Kano,mobile_money,35-44,11
TXN-000555,2026-01-20,64207.43,Transport,Oyo,cash,55+,8
TXN-000556,2025-09-03,164180.7,Health,Kaduna,cash,45-54,10
TXN-000557,2025-08-12,117928.09,Transport,Oyo,ussd,18-24,12
TXN-000558,2025-02-03,83321.71,Electronics,Kaduna,cash,25-34,1
TXN-000559,2025-06-24,175339.91,Education,Kano,bank_transfer,18-24,9
TXN-000560,2026-02-06,33422.09,Education,Kano,card,25-34,3
TXN-000561,2026-01-08,118642.68,Transport,Kano,card,35-44,4
TXN-000562,2025-04-14,175065.84,Home,Rivers,cash,55+,1
TXN-000563,2025-06-16,57033.72,Groceries,Abuja,cash,45-54,1
TXN-000564,2025-12-07,112756.39,Education,Oyo,bank_transfer,35-44,11
TXN-000565,2025-08-24,99907.53,Transport,Rivers,bank_transfer,45-54,5
TXN-000566,2026-02-02,181666.98,Transport,Rivers,cash,55+,12
TXN-000567,2025-11-26,76050.8,Fashion,Lagos,cash,25-34,6
TXN-000568,2025-05-27,36006.63,Utilities,Abuja,bank_transfer,45-54,7
TXN-000569,2025-11-28,72177.03,Transport,Rivers,card,35-44,2
TXN-000570,2025-03-07,16027.22,Education,Kano,bank_transfer,25-34,4
TXN-000571,2025-05-15,17125.99,Electronics,Kano,bank_transfer,25-34,10
TXN-000572,2025-02-20,15003.82,Electronics,Lagos,card,18-24,8
TXN-000573,2025-02-13,155379.53,Home,Oyo,bank_transfer,18-24,7
TXN-000574,2025-09-13,21669.03,Transport,Oyo,mobile_money,45-54,7
TXN-000575,2025-11-09,62383.87,Groceries,Rivers,cash,35-44,11
TXN-000576,2025-05-24,17674.42,Transport,Rivers,cash,35-44,8
TXN-000577,2026-01-15,127911.35,Transport,Lagos,cash,35-44,12
TXN-000578,2025-04-20,74726.85,Transport,Lagos,cash,55+,2
TXN-000579,2025-06-04,86240.83,Transport,Lagos,bank_transfer,55+,2
TXN-000580,2026-03-06,57429.78,Transport,Kaduna,cash,18-24,11
TXN-000581,2025-04-16,125009.21,Electronics,Kaduna,ussd,35-44,12
TXN-000582,2025-08-07,61732.5,Electronics,Lagos,cash,45-54,12
TXN-000583,2025-05-16,153353.42,Home,Lagos,card,18-24,11
TXN-000584,2026-02-23,49244.52,Fashion,Rivers,ussd,45-54,1
TXN-000585,2025-03-27,79298.33,Fashion,Kano,mobile_money,35-44,1
TXN-000586,2026-01-31,102897.31,Fashion,Lagos,bank_transfer,55+,6
TXN-000587,2025-08-04,91468.95,Fashion,Abuja,cash,18-24,7
TXN-000588,2026-01-30,124293.7,Fashion,Lagos,cash,55+,12
TXN-000589,2025-05-04,76617.66,Transport,Rivers,ussd,55+,7
TXN-000590,2025-10-30,20209.97,Home,Rivers,card,55+,6
TXN-000591,2025-04-03,21689.69,Home,Lagos,bank_transfer,55+,4
TXN-000592,2025-07-20,142465.53,Transport,Lagos,mobile_money,55+,9
TXN-000593,2025-10-10,184569.55,Transport,Kaduna,cash,25-34,1
TXN-000594,2026-01-19,145108.55,Electronics,Kaduna,card,35-44,12
TXN-000595,2025-05-26,5169.13,Home,Kano,ussd,35-44,2
TXN-000596,2025-02-06,122926.0,Transport,Rivers,cash,18-24,11
TXN-000597,2025-07-21,28602.64,Electronics,Abuja,mobile_money,18-24,12
TXN-000598,2025-06-08,11794.24,Utilities,Kaduna,bank_transfer,45-54,10
TXN-000599,2026-02-12,93333.86,Education,Rivers,ussd,45-54,1
TXN-000600,2026-02-15,26763.74,Groceries,Rivers,mobile_money,55+,10
TXN-000601,2025-01-10,135696.73,Transport,Rivers,cash,45-54,10
TXN-000602,2025-01-11,87785.35,Transport,Lagos,card,18-24,12
TXN-000603,2025-08-15,56084.87,Health,Lagos,card,18-24,5
TXN-000604,2025-10-03,61217.84,Groceries,Abuja,mobile_money,55+,1
TXN-000605,2025-08-02,161550.63,Electronics,Abuja,mobile_money,45-54,2
TXN-000606,2025-06-13,132098.19,Groceries,Lagos,bank_transfer,55+,2
TXN-000607,2025-08-07,47302.36,Health,Kaduna,card,35-44,4
TXN-000608,2025-08-08,71191.89,Education,Kaduna,card,25-34,3
TXN-000609,2025-12-19,36228.95,Electronics,Lagos,cash,25-34,4
TXN-000610,2026-03-15,104146.09,Utilities,Oyo,card,25-34,3
TXN-000611,2026-02-27,3550.7,Health,Abuja,card,18-24,6
TXN-000612,2025-09-06,135606.74,Education,Lagos,mobile_money,18-24,8
TXN-000613,2025-07-13,133937.95,Transport,Kaduna,card,35-44,3
TXN-000614,2025-09-20,96627.17,Education,Abuja,cash,45-54,3
TXN-000615,2025-12-12,168102.1,Utilities,Rivers,ussd,55+,2
TXN-000616,2026-02-04,18728.9,Transport,Lagos,mobile_money,18-24,10
TXN-000617,2026-01-17,141931.02,Electronics,Rivers,cash,18-24,11
TXN-000618,2025-06-14,73972.11,Education,Kano,ussd,55+,4
TXN-000619,2025-05-09,51013.19,Education,Rivers,cash,25-34,12
TXN-000620,2025-08-12,81884.89,Groceries,Rivers,card,18-24,11
TXN-000621,2025-12-30,122608.56,Health,Kaduna,mobile_money,55+,5
TXN-000622,2025-03-27,159429.36,Fashion,Kano,mobile_money,18-24,7
TXN-000623,2025-09-14,49623.8,Health,Abuja,cash,35-44,3
TXN-000624,2025-04-29,119524.61,Health,Lagos,mobile_money,45-54,2
TXN-000625,2025-01-21,167718.52,Electronics,Kaduna,card,45-54,3
TXN-000626,2025-02-05,153770.25,Utilities,Kano,mobile_money,18-24,2
TXN-000627,2025-03-19,28290.49,Groceries,Kano,bank_transfer,18-24,6
TXN-000628,2025-10-24,160424.64,Groceries,Kaduna,ussd,18-24,5
TXN-000629,2025-12-29,18321.97,Education,Kaduna,ussd,45-54,2
TXN-000630,2025-01-23,7295.9,Transport,Kano,card,55+,2
TXN-000631,2026-02-18,47816.56,Education,Abuja,ussd,35-44,11
TXN-000632,2026-01-30,72196.97,Home,Kaduna,mobile_money,25-34,3
TXN-000633,2026-03-20,146596.68,Health,Kano,mobile_money,25-34,3
TXN-000634,2026-02-27,152165.42,Health,Kaduna,bank_transfer,35-44,2
TXN-000635,2025-03-20,130966.6,Fashion,Oyo,bank_transfer,35-44,9
TXN-000636,2026-03-07,131279.31,Groceries,Oyo,cash,45-54,12
TXN-000637,2025-04-06,21942.78,Electronics,Kaduna,mobile_money,55+,2
TXN-000638,2025-08-25,40519.11,Electronics,Kaduna,mobile_money,35-44,9
TXN-000639,2025-05-01,11183.3,Utilities,Lagos,ussd,55+,2
TXN-000640,2025-11-20,111821.5,Electronics,Abuja,card,55+,4
TXN-000641,2026-03-03,63081.8,Utilities,Abuja,cash,35-44,11
TXN-000642,2025-07-01,113860.2,Home,Kaduna,cash,25-34,4
TXN-000643,2025-11-04,54642.61,Education,Kaduna,card,55+,2
TXN-000644,2026-01-17,25495.02,Home,Rivers,bank_transfer,55+,7
TXN-000645,2025-12-03,15952.14,Groceries,Lagos,bank_transfer,35-44,9
TXN-000646,2025-04-12,148945.76,Electronics,Kaduna,ussd,45-54,6
TXN-000647,2026-02-04,80359.37,Fashion,Kaduna,mobile_money,35-44,10
TXN-000648,2025-01-24,126850.35,Health,Rivers,ussd,45-54,2
TXN-000649,2025-02-09,33826.41,Fashion,Abuja,bank_transfer,18-24,12
TXN-000650,2025-09-30,158156.52,Fashion,Kaduna,bank_transfer,55+,7
TXN-000651,2025-01-13,38851.35,Transport,Kano,bank_transfer,45-54,11
TXN-000652,2025-11-25,68958.44,Electronics,Rivers,cash,35-44,10
TXN-000653,2026-02-12,103907.33,Groceries,Oyo,cash,55+,5
TXN-000654,2025-04-02,59007.24,Groceries,Lagos,card,45-54,3
TXN-000655,2025-09-25,126709.69,Home,Oyo,cash,35-44,5
TXN-000656,2025-04-22,116460.67,Utilities,Oyo,bank_transfer,45-54,1
TXN-000657,2025-04-08,72799.29,Electronics,Kaduna,bank_transfer,35-44,4
TXN-000658,2025-08-13,51195.46,Electronics,Kano,bank_transfer,35-44,10
TXN-000659,2025-04-11,134260.14,Fashion,Oyo,ussd,18-24,1
TXN-000660,2026-02-05,74524.33,Utilities,Kano,card,35-44,5
TXN-000661,2026-03-14,36399.1,Electronics,Lagos,cash,25-34,5
TXN-000662,2025-08-16,150651.98,Transport,Lagos,card,45-54,12
TXN-000663,2025-04-30,91359.95,Health,Kaduna,ussd,18-24,12
TXN-000664,2025-06-21,129965.63,Education,Kano,cash,35-44,11
TXN-000665,2025-06-27,77930.43,Health,Oyo,cash,55+,10
TXN-000666,2025-06-17,179697.86,Health,Rivers,bank_transfer,55+,10
TXN-000667,2025-12-07,21583.34,Education,Abuja,mobile_money,18-24,12
TXN-000668,2026-03-08,103690.02,Transport,Kaduna,mobile_money,35-44,4
TXN-000669,2025-05-20,184763.15,Utilities,Kaduna,mobile_money,45-54,6
TXN-000670,2026-03-02,133999.06,Home,Abuja,mobile_money,18-24,8
TXN-000671,2025-09-18,21968.67,Home,Kaduna,cash,55+,2
TXN-000672,2025-02-14,181969.67,Home,Abuja,mobile_money,45-54,9
TXN-000673,2025-02-17,121743.85,Health,Oyo,cash,55+,8
TXN-000674,2026-03-25,85661.2,Health,Kano,cash,25-34,10
TXN-000675,2025-07-24,180733.4,Fashion,Abuja,bank_transfer,45-54,5
TXN-000676,2025-10-17,154581.33,Transport,Oyo,card,45-54,12
TXN-000677,2025-07-28,9998.65,Education,Rivers,card,25-34,6
TXN-000678,2026-01-15,7230.73,Groceries,Rivers,card,25-34,1
TXN-000679,2025-10-21,88495.81,Health,Oyo,mobile_money,25-34,8
TXN-000680,2025-02-14,164081.75,Home,Lagos,cash,45-54,10
TXN-000681,2025-08-26,93020.93,Home,Kaduna,ussd,35-44,3
TXN-000682,2026-03-14,52431.39,Groceries,Rivers,card,18-24,3
TXN-000683,2026-02-09,105387.22,Home,Oyo,ussd,45-54,5
TXN-000684,2025-04-08,135862.98,Transport,Rivers,ussd,25-34,2
TXN-000685,2025-06-05,10593.12,Education,Lagos,cash,35-44,6
TXN-000686,2026-01-22,173729.19,Education,Rivers,cash,45-54,12
TXN-000687,2025-04-09,33548.27,Education,Oyo,bank_transfer,55+,8
TXN-000688,2026-02-01,110182.16,Home,Oyo,cash,35-44,6
TXN-000689,2025-12-18,64108.73,Education,Kano,bank_transfer,18-24,6
TXN-000690,2026-02-15,77414.3,Home,Lagos,card,45-54,3
TXN-000691,2025-05-11,104696.66,Utilities,Kaduna,ussd,45-54,4
TXN-000692,2025-07-07,144689.54,Utilities,Oyo,cash,55+,9
TXN-000693,2026-03-06,96192.93,Fashion,Rivers,cash,55+,1
TXN-000694,2025-03-12,134445.47,Health,Oyo,card,55+,2
TXN-000695,2025-09-23,90752.25,Home,Kaduna,cash,18-24,3
TXN-000696,2025-01-27,142207.7,Groceries,Kano,bank_transfer,45-54,4
TXN-000697,2026-03-26,165539.34,Groceries,Abuja,card,18-24,5
TXN-000698,2025-01-20,178702.81,Groceries,Abuja,cash,45-54,11
TXN-000699,2025-04-22,133360.89,Electronics,Kaduna,mobile_money,18-24,7
TXN-000700,2025-02-15,83831.07,Home,Abuja,mobile_money,55+,1
TXN-000701,2025-11-12,177496.78,Home,Kaduna,mobile_money,18-24,11
TXN-000702,2025-07-30,34783.42,Utilities,Rivers,cash,25-34,11
TXN-000703,2025-05-16,3648.26,Fashion,Oyo,mobile_money,18-24,6
TXN-000704,2025-02-05,152860.05,Electronics,Lagos,bank_transfer,55+,10
TXN-000705,2026-02-04,5361.46,Transport,Abuja,bank_transfer,45-54,1
TXN-000706,2025-04-30,15819.63,Electronics,Lagos,ussd,35-44,6
TXN-000707,2025-08-18,60289.31,Transport,Abuja,ussd,18-24,11
TXN-000708,2025-02-02,39446.77,Fashion,Lagos,cash,45-54,5
TXN-000709,2025-01-22,180740.77,Health,Kano,card,18-24,5
TXN-000710,2025-10-05,3233.7,Utilities,Kano,ussd,18-24,6
TXN-000711,2025-05-27,166493.39,Transport,Abuja,cash,55+,4
TXN-000712,2025-05-15,60931.76,Utilities,Oyo,cash,55+,5
TXN-000713,2025-12-22,169762.02,Fashion,Oyo,ussd,45-54,8
TXN-000714,2025-09-07,182110.5,Transport,Oyo,cash,55+,10
TXN-000715,2026-02-15,174147.48,Groceries,Oyo,card,45-54,4
TXN-000716,2025-03-29,11352.61,Fashion,Rivers,card,45-54,1
TXN-000717,2025-10-12,94581.62,Home,Kaduna,mobile_money,45-54,3
TXN-000718,2025-06-04,13801.07,Health,Kano,mobile_money,25-34,6
TXN-000719,2025-04-17,111965.78,Home,Kaduna,mobile_money,35-44,10
TXN-000720,2025-05-31,15512.98,Home,Lagos,mobile_money,45-54,2
TXN-000721,2025-07-22,19416.91,Groceries,Lagos,ussd,18-24,6
TXN-000722,2025-02-11,134559.24,Fashion,Kano,mobile_money,35-44,3
TXN-000723,2025-12-30,79520.66,Electronics,Lagos,bank_transfer,55+,9
TXN-000724,2025-09-09,115680.12,Electronics,Oyo,cash,35-44,2
TXN-000725,2025-03-08,95550.85,Groceries,Rivers,card,25-34,6
TXN-000726,2025-03-11,147791.92,Fashion,Oyo,bank_transfer,18-24,9
TXN-000727,2025-03-11,139517.96,Home,Oyo,mobile_money,25-34,11
TXN-000728,2025-07-19,11792.28,Transport,Rivers,card,45-54,2
TXN-000729,2025-08-15,45993.35,Home,Abuja,mobile_money,55+,1
TXN-000730,2025-11-01,68566.04,Electronics,Lagos,cash,55+,9
TXN-000731,2025-12-07,110762.65,Utilities,Kaduna,cash,45-54,9
TXN-000732,2025-10-24,175351.08,Utilities,Kaduna,mobile_money,25-34,3
TXN-000733,2025-11-10,147851.55,Utilities,Kano,ussd,55+,3
TXN-000734,2025-10-15,52032.19,Health,Kaduna,card,45-54,3
TXN-000735,2025-07-27,18843.5,Electronics,Lagos,mobile_money,45-54,2
TXN-000736,2025-01-06,135847.0,Groceries,Oyo,ussd,55+,3
TXN-000737,2025-01-12,51618.56,Electronics,Rivers,ussd,55+,4
TXN-000738,2025-06-14,169418.69,Home,Kaduna,cash,18-24,11
TXN-000739,2025-06-03,62106.37,Health,Abuja,mobile_money,55+,6
TXN-000740,2026-01-06,166359.48,Fashion,Kaduna,bank_transfer,55+,5
TXN-000741,2025-12-15,39426.48,Utilities,Abuja,mobile_money,45-54,9
TXN-000742,2025-01-20,28636.9,Transport,Oyo,mobile_money,18-24,3
TXN-000743,2025-11-26,40951.67,Education,Kaduna,ussd,25-34,3
TXN-000744,2025-11-12,43273.13,Electronics,Rivers,mobile_money,35-44,7
TXN-000745,2025-03-22,52043.4,Fashion,Kano,cash,45-54,11
TXN-000746,2025-02-03,69183.4,Health,Abuja,mobile_money,55+,9
TXN-000747,2025-01-12,10603.43,Electronics,Lagos,card,55+,11
TXN-000748,2026-01-25,91650.32,Transport,Abuja,ussd,45-54,6
TXN-000749,2025-01-26,164292.11,Groceries,Rivers,bank_transfer,45-54,6
TXN-000750,2025-05-20,123045.45,Groceries,Kaduna,ussd,18-24,11
TXN-000751,2025-05-29,45035.37,Groceries,Abuja,card,25-34,1
TXN-000752,2025-07-08,172964.18,Health,Rivers,bank_transfer,25-34,1
TXN-000753,2025-06-16,6315.69,Health,Lagos,mobile_money,45-54,5
TXN-000754,2025-12-14,180236.95,Fashion,Oyo,ussd,45-54,1
TXN-000755,2025-11-27,91043.45,Fashion,Oyo,mobile_money,25-34,2
TXN-000756,2026-02-24,82942.2,Home,Kaduna,card,45-54,9
TXN-000757,2025-05-03,183961.57,Transport,Kaduna,ussd,35-44,2
TXN-000758,2025-05-11,20527.67,Groceries,Kano,ussd,18-24,1
TXN-000759,2025-09-18,130596.13,Electronics,Kaduna,mobile_money,25-34,1
TXN-000760,2025-05-01,32975.97,Groceries,Lagos,bank_transfer,25-34,5
TXN-000761,2025-02-06,184283.99,Health,Abuja,card,18-24,1
TXN-000762,2026-01-12,9397.5,Groceries,Oyo,mobile_money,55+,6
TXN-000763,2025-06-14,154542.72,Fashion,Oyo,ussd,35-44,2
TXN-000764,2025-10-13,21515.17,Utilities,Lagos,ussd,18-24,6
TXN-000765,2026-01-11,158520.02,Health,Lagos,card,45-54,7
TXN-000766,2025-02-07,182664.01,Utilities,Kano,cash,25-34,5
TXN-000767,2025-02-02,183422.58,Home,Abuja,mobile_money,55+,3
TXN-000768,2025-12-10,66829.32,Fashion,Oyo,bank_transfer,18-24,7
TXN-000769,2025-04-27,137001.02,Education,Lagos,card,55+,7
TXN-000770,2025-04-07,72109.71,Utilities,Oyo,bank_transfer,25-34,5
TXN-000771,2026-03-24,10701.89,Home,Lagos,bank_transfer,45-54,10
TXN-000772,2025-08-13,182675.22,Health,Rivers,cash,55+,11
TXN-000773,2026-03-01,47805.27,Health,Kano,card,55+,10
TXN-000774,2025-11-09,69591.42,Fashion,Kano,cash,35-44,3
TXN-000775,2026-01-11,112730.63,Education,Rivers,bank_transfer,55+,3
TXN-000776,2025-02-08,4480.39,Electronics,Rivers,bank_transfer,55+,9
TXN-000777,2025-03-16,112580.78,Groceries,Kaduna,cash,18-24,8
TXN-000778,2025-11-13,42074.24,Home,Oyo,cash,45-54,5
TXN-000779,2026-01-21,113028.79,Transport,Abuja,cash,45-54,1
TXN-000780,2025-03-26,29897.63,Home,Oyo,ussd,45-54,7
TXN-000781,2025-02-10,47101.77,Utilities,Abuja,mobile_money,45-54,10
TXN-000782,2025-04-28,16888.83,Home,Abuja,bank_transfer,25-34,10
TXN-000783,2025-03-14,36422.79,Education,Kano,bank_transfer,45-54,8
TXN-000784,2025-12-27,102174.97,Education,Rivers,mobile_money,45-54,2
TXN-000785,2025-10-25,109436.23,Health,Rivers,cash,18-24,4
TXN-000786,2025-04-06,126130.9,Utilities,Kano,card,25-34,12
TXN-000787,2025-01-28,155150.03,Home,Abuja,card,45-54,4
TXN-000788,2025-09-01,126836.05,Utilities,Abuja,mobile_money,18-24,7
TXN-000789,2025-01-26,168556.24,Health,Abuja,cash,45-54,8
TXN-000790,2025-11-03,21156.44,Home,Kano,mobile_money,35-44,7
TXN-000791,2026-03-17,20543.81,Electronics,Lagos,mobile_money,25-34,10
TXN-000792,2026-02-01,93016.87,Electronics,Kano,card,35-44,11
TXN-000793,2025-05-06,166350.35,Health,Kano,mobile_money,25-34,11
TXN-000794,2026-03-04,69038.56,Health,Kano,card,35-44,1
TXN-000795,2025-03-28,17326.48,Electronics,Lagos,bank_transfer,25-34,10
TXN-000796,2025-03-17,79617.75,Transport,Kaduna,ussd,18-24,2
TXN-000797,2025-10-19,159600.14,Health,Rivers,card,18-24,2
TXN-000798,2026-02-18,105009.57,Health,Lagos,cash,25-34,12
TXN-000799,2025-03-24,142797.5,Transport,Oyo,card,25-34,1
TXN-000800,2025-07-06,99659.87,Electronics,Kano,bank_transfer,25-34,5
TXN-000801,2025-10-29,136318.6,Utilities,Kaduna,cash,55+,10
TXN-000802,2026-03-03,100614.18,Groceries,Kaduna,mobile_money,55+,6
TXN-000803,2025-06-17,34719.02,Utilities,Rivers,card,18-24,11
TXN-000804,2025-08-15,126369.1,Fashion,Lagos,cash,25-34,8
TXN-000805,2026-01-06,15386.26,Transport,Oyo,mobile_money,45-54,5
TXN-000806,2026-01-17,28962.84,Home,Kaduna,bank_transfer,25-34,12
TXN-000807,2025-03-13,112842.52,Utilities,Lagos,bank_transfer,35-44,3
TXN-000808,2025-11-18,154540.36,Groceries,Kaduna,cash,25-34,12
TXN-000809,2025-03-31,136065.24,Education,Lagos,card,55+,5
TXN-000810,2025-07-12,46166.52,Groceries,Rivers,bank_transfer,18-24,11
TXN-000811,2025-09-22,74113.85,Health,Kaduna,ussd,18-24,11
TXN-000812,2025-08-26,178942.98,Fashion,Rivers,mobile_money,35-44,4
TXN-000813,2025-01-25,77691.81,Groceries,Oyo,mobile_money,55+,3
TXN-000814,2025-03-29,139574.1,Education,Rivers,ussd,55+,6
TXN-000815,2025-06-07,48314.93,Utilities,Kaduna,cash,45-54,2
TXN-000816,2025-12-05,74134.12,Groceries,Kaduna,cash,55+,8
TXN-000817,2025-09-12,125285.43,Education,Lagos,ussd,55+,9
TXN-000818,2025-11-12,58008.24,Utilities,Oyo,bank_transfer,55+,7
TXN-000819,2025-01-08,175097.16,Transport,Oyo,cash,35-44,3
TXN-000820,2025-08-02,170192.29,Home,Lagos,mobile_money,55+,9
TXN-000821,2025-04-23,23671.3,Education,Kaduna,mobile_money,35-44,6
TXN-000822,2025-06-10,85651.41,Transport,Kano,cash,25-34,4
TXN-000823,2026-01-04,32297.65,Fashion,Kaduna,bank_transfer,25-34,9
TXN-000824,2026-03-22,45787.95,Electronics,Rivers,mobile_money,18-24,7
TXN-000825,2025-10-14,139699.43,Education,Lagos,mobile_money,45-54,6
TXN-000826,2025-10-01,146055.68,Transport,Kaduna,mobile_money,45-54,8
TXN-000827,2025-02-27,184409.03,Groceries,Oyo,card,35-44,9
TXN-000828,2025-05-05,105540.97,Electronics,Rivers,card,35-44,12
TXN-000829,2025-11-15,40919.06,Electronics,Rivers,card,25-34,11
TXN-000830,2025-04-16,116159.91,Electronics,Kano,ussd,25-34,8
TXN-000831,2026-03-05,47247.49,Health,Lagos,mobile_money,25-34,12
TXN-000832,2025-12-06,148903.5,Utilities,Kaduna,cash,45-54,4
TXN-000833,2025-01-06,116800.0,Health,Rivers,ussd,45-54,3
TXN-000834,2025-04-10,40483.32,Health,Abuja,card,18-24,6
TXN-000835,2025-11-10,164539.93,Education,Rivers,bank_transfer,45-54,6
TXN-000836,2025-11-10,152985.18,Health,Rivers,bank_transfer,25-34,2
TXN-000837,2026-02-09,83693.6,Electronics,Abuja,ussd,25-34,12
TXN-000838,2025-05-01,101167.97,Utilities,Oyo,mobile_money,55+,3
TXN-000839,2025-06-23,58270.05,Transport,Kano,bank_transfer,25-34,4
TXN-000840,2025-07-01,76418.74,Education,Kaduna,bank_transfer,35-44,3
TXN-000841,2025-05-05,34116.33,Education,Kaduna,ussd,18-24,1
TXN-000842,2026-03-16,113134.47,Transport,Abuja,ussd,35-44,9
TXN-000843,2025-01-26,3598.97,Home,Oyo,cash,55+,2
TXN-000844,2026-03-18,81012.19,Fashion,Lagos,mobile_money,35-44,9
TXN-000845,2025-01-12,78660.03,Fashion,Kaduna,bank_transfer,25-34,11
TXN-000846,2025-03-29,18738.24,Transport,Abuja,card,35-44,3
TXN-000847,2025-09-16,109651.38,Electronics,Lagos,card,45-54,9
TXN-000848,2025-02-10,150158.95,Groceries,Rivers,card,35-44,9
TXN-000849,2025-01-03,10490.72,Electronics,Lagos,mobile_money,55+,1
TXN-000850,2025-10-16,34732.79,Transport,Kaduna,bank_transfer,55+,3
TXN-000851,2026-01-25,13298.66,Electronics,Kano,ussd,55+,2
TXN-000852,2025-11-14,170024.41,Education,Lagos,mobile_money,45-54,7
TXN-000853,2025-07-07,3068.36,Utilities,Abuja,ussd,55+,12
TXN-000854,2025-03-08,162750.95,Utilities,Kaduna,cash,25-34,12
TXN-000855,2025-09-07,6257.59,Utilities,Lagos,card,55+,8
TXN-000856,2025-05-16,77108.91,Transport,Lagos,cash,55+,12
TXN-000857,2025-04-09,132954.15,Electronics,Abuja,mobile_money,18-24,10
TXN-000858,2025-06-24,96131.91,Education,Kaduna,cash,25-34,9
TXN-000859,2025-08-03,18038.91,Transport,Kaduna,cash,55+,6
TXN-000860,2026-03-07,28058.61,Electronics,Kano,cash,25-34,3
TXN-000861,2025-01-16,32503.76,Electronics,Kaduna,ussd,45-54,7
TXN-000862,2025-12-14,124773.8,Fashion,Lagos,card,25-34,7
TXN-000863,2025-10-24,114639.99,Fashion,Rivers,cash,35-44,1
TXN-000864,2025-05-31,40932.65,Utilities,Kano,bank_transfer,45-54,5
TXN-000865,2026-02-26,85615.2,Education,Kano,mobile_money,35-44,9
TXN-000866,2026-02-10,22027.84,Transport,Kano,card,25-34,7
TXN-000867,2025-02-20,41972.36,Utilities,Kaduna,ussd,35-44,11
TXN-000868,2025-04-16,21657.61,Electronics,Kano,cash,35-44,11
TXN-000869,2025-06-05,58423.21,Transport,Lagos,card,45-54,4
TXN-000870,2025-11-03,180237.62,Utilities,Abuja,cash,35-44,12
TXN-000871,2025-05-01,149611.2,Health,Kano,mobile_money,35-44,6
TXN-000872,2025-05-07,39609.17,Utilities,Lagos,ussd,18-24,9
TXN-000873,2025-07-06,88212.19,Home,Abuja,cash,45-54,8
TXN-000874,2025-04-24,57072.56,Groceries,Lagos,ussd,55+,5
TXN-000875,2025-05-16,19976.3,Groceries,Rivers,bank_transfer,45-54,7
TXN-000876,2025-11-23,30758.32,Education,Rivers,cash,55+,5
TXN-000877,2025-01-16,101590.42,Groceries,Oyo,mobile_money,45-54,5
TXN-000878,2025-03-15,16148.61,Education,Oyo,cash,18-24,7
TXN-000879,2026-02-24,117087.73,Fashion,Abuja,card,55+,8
TXN-000880,2025-11-07,154254.8,Fashion,Kaduna,ussd,45-54,12
TXN-000881,2025-12-24,156054.47,Education,Oyo,cash,55+,7
TXN-000882,2025-03-24,85746.28,Home,Kano,card,45-54,2
TXN-000883,2026-04-01,47725.74,Groceries,Abuja,bank_transfer,25-34,6
TXN-000884,2025-10-31,134584.37,Fashion,Kano,ussd,55+,3
TXN-000885,2026-03-10,63490.88,Education,Abuja,card,35-44,11
TXN-000886,2025-09-02,182671.27,Education,Kaduna,cash,55+,2
TXN-000887,2025-11-16,91592.74,Utilities,Kaduna,ussd,25-34,3
TXN-000888,2025-12-08,73110.75,Utilities,Rivers,bank_transfer,18-24,1
TXN-000889,2025-12-14,174659.16,Transport,Lagos,bank_transfer,45-54,11
TXN-000890,2025-12-18,184047.89,Education,Rivers,mobile_money,35-44,9
TXN-000891,2025-01-29,174561.28,Transport,Rivers,card,18-24,9
TXN-000892,2026-02-12,105104.75,Fashion,Rivers,card,25-34,6
TXN-000893,2025-01-28,171662.67,Education,Lagos,cash,25-34,7
TXN-000894,2025-07-26,163580.78,Education,Oyo,mobile_money,45-54,3
TXN-000895,2025-05-22,74557.43,Groceries,Kano,cash,55+,5
TXN-000896,2025-08-31,177131.78,Electronics,Kaduna,ussd,25-34,11
TXN-000897,2025-07-09,51664.92,Transport,Abuja,bank_transfer,35-44,12
TXN-000898,2025-08-14,9320.05,Education,Kaduna,cash,55+,12
TXN-000899,2025-12-04,44191.15,Health,Rivers,ussd,35-44,12
TXN-000900,2025-02-11,15134.05,Health,Rivers,bank_transfer,18-24,8
TXN-000901,2025-01-03,52195.04,Fashion,Rivers,mobile_money,35-44,2
TXN-000902,2026-02-21,158874.17,Transport,Lagos,bank_transfer,45-54,2
TXN-000903,2025-12-08,74592.01,Fashion,Kaduna,cash,45-54,6
TXN-000904,2025-04-20,134166.01,Groceries,Lagos,cash,35-44,5
TXN-000905,2026-01-28,130288.13,Education,Kaduna,cash,18-24,2
TXN-000906,2026-01-24,7991.75,Utilities,Oyo,ussd,35-44,11
TXN-000907,2025-05-27,131781.19,Education,Kano,ussd,25-34,5
TXN-000908,2026-02-04,11559.08,Electronics,Kano,mobile_money,35-44,9
TXN-000909,2025-05-20,154341.97,Utilities,Oyo,ussd,55+,5
TXN-000910,2026-03-20,74596.07,Education,Kano,bank_transfer,35-44,4
TXN-000911,2025-11-06,26351.98,Groceries,Abuja,mobile_money,55+,8
TXN-000912,2026-02-04,21038.65,Groceries,Kano,cash,35-44,7
TXN-000913,2025-10-19,48394.56,Groceries,Rivers,bank_transfer,35-44,2
TXN-000914,2025-06-04,99833.22,Electronics,Kano,cash,55+,10
TXN-000915,2025-06-17,84522.78,Fashion,Lagos,ussd,45-54,11
TXN-000916,2026-03-05,106884.67,Transport,Abuja,cash,35-44,6
TXN-000917,2025-08-18,74950.7,Groceries,Lagos,ussd,25-34,9
TXN-000918,2025-04-07,30797.32,Groceries,Oyo,bank_transfer,55+,6
TXN-000919,2025-08-24,129586.61,Home,Abuja,mobile_money,35-44,1
TXN-000920,2025-04-07,143006.33,Education,Oyo,bank_transfer,25-34,12
TXN-000921,2026-03-11,149205.79,Groceries,Oyo,cash,35-44,7
TXN-000922,2025-09-26,51600.18,Home,Rivers,mobile_money,18-24,8
TXN-000923,2025-07-29,127811.45,Health,Abuja,cash,25-34,1
TXN-000924,2025-04-25,176245.98,Transport,Rivers,bank_transfer,45-54,4
TXN-000925,2026-03-14,22184.67,Health,Lagos,bank_transfer,35-44,6
TXN-000926,2025-07-09,8692.18,Electronics,Abuja,mobile_money,45-54,6
TXN-000927,2025-01-03,169917.14,Electronics,Rivers,ussd,35-44,10
TXN-000928,2026-01-10,72247.35,Groceries,Lagos,cash,45-54,7
TXN-000929,2025-07-21,24389.49,Groceries,Abuja,mobile_money,45-54,2
TXN-000930,2025-10-18,59564.77,Health,Oyo,bank_transfer,45-54,3
TXN-000931,2025-10-10,177707.01,Fashion,Oyo,bank_transfer,45-54,4
TXN-000932,2026-03-23,114521.7,Utilities,Rivers,cash,45-54,7
TXN-000933,2025-12-12,71681.15,Groceries,Oyo,mobile_money,18-24,1
TXN-000934,2025-08-15,5179.21,Utilities,Oyo,ussd,25-34,10
TXN-000935,2025-09-08,178512.39,Health,Kaduna,ussd,18-24,11
TXN-000936,2025-09-15,107349.69,Fashion,Kano,bank_transfer,35-44,6
TXN-000937,2026-02-13,42156.24,Electronics,Oyo,cash,18-24,7
TXN-000938,2025-01-14,56769.21,Electronics,Kaduna,ussd,45-54,9
TXN-000939,2025-12-31,162914.29,Health,Lagos,bank_transfer,55+,10
TXN-000940,2025-03-13,141753.87,Electronics,Kaduna,bank_transfer,45-54,12
TXN-000941,2026-02-23,124223.4,Education,Rivers,mobile_money,55+,10
TXN-000942,2025-02-20,116587.37,Home,Oyo,bank_transfer,18-24,5
TXN-000943,2025-07-20,20749.88,Home,Abuja,cash,55+,6
TXN-000944,2025-08-15,146794.06,Health,Kano,cash,25-34,2
TXN-000945,2025-09-13,52173.67,Transport,Kano,bank_transfer,18-24,4
TXN-000946,2026-02-01,89006.22,Groceries,Abuja,cash,45-54,9
TXN-000947,2025-05-19,138003.94,Groceries,Kano,mobile_money,55+,2
TXN-000948,2026-01-31,25705.84,Utilities,Abuja,ussd,45-54,3
TXN-000949,2025-12-19,68674.48,Groceries,Lagos,cash,25-34,7
TXN-000950,2025-06-03,13618.75,Health,Oyo,ussd,45-54,12
TXN-000951,2026-01-10,59097.38,Electronics,Rivers,ussd,25-34,8
TXN-000952,2026-03-14,158232.11,Education,Kano,ussd,25-34,8
TXN-000953,2025-04-13,180397.3,Transport,Rivers,cash,45-54,4
TXN-000954,2025-10-02,102481.5,Health,Abuja,ussd,45-54,10
TXN-000955,2025-01-27,96518.07,Home,Lagos,mobile_money,55+,9
TXN-000956,2025-03-08,71450.65,Utilities,Rivers,ussd,25-34,2
TXN-000957,2025-10-06,176193.37,Utilities,Lagos,bank_transfer,25-34,7
TXN-000958,2025-04-08,150018.54,Education,Lagos,ussd,25-34,3
TXN-000959,2025-06-01,77816.33,Groceries,Oyo,mobile_money,35-44,5
TXN-000960,2026-02-13,104061.74,Fashion,Kano,card,55+,9
TXN-000961,2025-12-11,5489.48,Groceries,Oyo,cash,55+,5
TXN-000962,2025-04-28,21064.95,Home,Oyo,cash,18-24,9
TXN-000963,2025-10-08,171061.74,Education,Kano,card,55+,12
TXN-000964,2025-09-21,178366.97,Fashion,Lagos,card,18-24,3
TXN-000965,2026-02-12,105465.84,Electronics,Oyo,card,45-54,3
TXN-000966,2026-02-14,184049.34,Home,Oyo,cash,35-44,3
TXN-000967,2025-08-06,180562.67,Groceries,Abuja,ussd,25-34,4
TXN-000968,2025-12-31,170321.64,Utilities,Lagos,bank_transfer,25-34,4
TXN-000969,2025-11-02,115623.24,Home,Kano,bank_transfer,25-34,8
TXN-000970,2025-02-14,144416.65,Groceries,Lagos,cash,18-24,3
TXN-000971,2025-05-02,33847.31,Groceries,Lagos,cash,45-54,4
TXN-000972,2025-07-24,108661.35,Groceries,Kaduna,cash,35-44,10
TXN-000973,2025-08-22,47719.31,Electronics,Kaduna,bank_transfer,35-44,2
TXN-000974,2025-04-08,44422.53,Education,Kano,ussd,45-54,1
TXN-000975,2026-02-27,55164.11,Fashion,Oyo,card,45-54,12
TXN-000976,2025-12-14,177186.18,Fashion,Rivers,cash,45-54,4
TXN-000977,2026-01-30,144426.34,Electronics,Abuja,cash,18-24,9
TXN-000978,2025-02-09,36416.17,Health,Rivers,bank_transfer,35-44,11
TXN-000979,2025-01-31,60777.58,Fashion,Kano,card,45-54,6
TXN-000980,2025-03-04,52404.44,Transport,Oyo,bank_transfer,55+,1
TXN-000981,2025-12-29,78148.41,Electronics,Kano,cash,18-24,4
TXN-000982,2025-10-25,183425.6,Home,Oyo,mobile_money,55+,2
TXN-000983,2025-06-27,172365.77,Fashion,Oyo,cash,25-34,9
TXN-000984,2025-04-04,159384.27,Electronics,Lagos,card,45-54,5
TXN-000985,2025-10-29,127743.32,Home,Abuja,card,35-44,8
TXN-000986,2025-05-10,147449.05,Utilities,Kano,cash,35-44,12
TXN-000987,2026-03-14,162524.76,Education,Lagos,card,55+,1
TXN-000988,2025-02-15,173196.18,Groceries,Abuja,card,35-44,11
TXN-000989,2025-07-21,139850.48,Utilities,Lagos,card,55+,6
TXN-000990,2025-10-25,176764.52,Education,Kaduna,bank_transfer,35-44,12
TXN-000991,2026-03-18,103974.2,Health,Rivers,cash,18-24,7
TXN-000992,2025-10-16,33305.25,Home,Rivers,mobile_money,25-34,5
TXN-000993,2025-08-12,74815.39,Transport,Oyo,cash,45-54,8
TXN-000994,2025-10-14,55880.88,Health,Oyo,card,18-24,1
TXN-000995,2025-04-18,86986.59,Transport,Lagos,mobile_money,25-34,10
TXN-000996,2025-02-13,37044.01,Utilities,Oyo,bank_transfer,55+,10
TXN-000997,2025-09-24,13750.38,Utilities,Lagos,bank_transfer,25-34,9
TXN-000998,2025-04-24,173423.52,Home,Lagos,ussd,18-24,10
TXN-000999,2026-02-02,96044.96,Home,Lagos,mobile_money,55+,7
TXN-001000,2025-07-09,96726.27,Health,Kano,card,25-34,11
